id;tag_id;tag_name;description
1;Bedfordshire;Future Awesome Granite Sausages;digital Marketing Chicken
2;Multi-tiered;Supervisor seize Enterprise-wide;viral 3rd generation
3;transmitter Home Loan Account hacking;pixel Multi-layered;navigating
4;Auto Loan Account;withdrawal;European Monetary Unit (E.M.U.-6) Codes specifically reserved for testing purposes override
5;Tasty User-friendly Indiana;Concrete;Virginia Automotive
6;composite Checking Account;schemas Norfolk Island next generation;lime neural Ridges
7;executive Gloves;IB Florida sensor;Borders Accountability
8;Steel orchestrate Texas;scalable connect;withdrawal Malaysia
9;Washington XSS Dynamic;tan Connecticut Books;Fish
10;New Hampshire Dynamic;mint green Awesome Steel Table complexity;productivity
